Name,Build Cost,FO&M Charge,Efficiency
H2PipelineAF-AGO-AF-COD,5901210000,118024200,98.9
H2PipelineAF-AGO-AF-COG,5965470000,119309400,98.9
H2PipelineAF-AGO-AF-NAM,16932510000,338650200,96.8
H2PipelineAF-AGO-AF-ZMB,19181610000,383632200,96.4
H2PipelineAF-BDI-AF-COD,16729020000,334580400,96.9
H2PipelineAF-BDI-AF-RWA,1884960000,37699200,99.6
H2PipelineAF-BDI-AF-TZA,12434310000,248686200,97.7
H2PipelineAF-BEN-AF-BFA,7422030000,148440600,98.6
H2PipelineAF-BEN-AF-NER,7539840000,150796800,98.6
H2PipelineAF-BEN-AF-NGA,1884960000,37699200,99.6
H2PipelineAF-BEN-AF-TGO,1552950000,31059000,99.7
H2PipelineAF-BFA-AF-CIV,8900010000,178000200,98.3
H2PipelineAF-BFA-AF-GHA,6768720000,135374400,98.7
H2PipelineAF-BFA-AF-MLI,7539840000,150796800,98.6
H2PipelineAF-BFA-AF-NER,4444650000,88893000,99.2
H2PipelineAF-BFA-AF-TGO,8096760000,161935200,98.5
H2PipelineAF-BWA-AF-NAM,9938880000,198777600,98.1
H2PipelineAF-BWA-AF-ZAF,2913120000,58262400,99.5
H2PipelineAF-BWA-AF-ZMB,11309760000,226195200,97.9
H2PipelineAF-BWA-AF-ZWE,9928170000,198563400,98.1
H2PipelineAF-CAF-AF-CMR,8385930000,167718600,98.4
H2PipelineAF-CAF-AF-COD,11052720000,221054400,97.9
H2PipelineAF-CAF-AF-COG,10988460000,219769200,97.9
H2PipelineAF-CAF-AF-SDN,21130830000,422616600,96.1
H2PipelineAF-CAF-AF-TCD,10110240000,202204800,98.1
H2PipelineAF-CIV-AF-GHA,3287970000,65759400,99.4
H2PipelineAF-CIV-AF-GIN,12434310000,248686200,97.7
H2PipelineAF-CIV-AF-LBR,8096760000,161935200,98.5
H2PipelineAF-CIV-AF-MLI,9896040000,197920800,98.2
H2PipelineAF-CMR-AF-COG,10667160000,213343200,98
H2PipelineAF-CMR-AF-GAB,4819500000,96390000,99.1
H2PipelineAF-CMR-AF-GNQ,3159450000,63189000,99.4
H2PipelineAF-CMR-AF-NGA,10110240000,202204800,98.1
H2PipelineAF-CMR-AF-TCD,10667160000,213343200,98
H2PipelineAF-COD-AF-COG,96390000,1927800,100
H2PipelineAF-COD-AF-RWA,17757180000,355143600,96.7
H2PipelineAF-COD-AF-TZA,28542150000,570843000,94.7
H2PipelineAF-COD-AF-UGA,21280770000,425615400,96
H2PipelineAF-COD-AF-ZMB,20124090000,402481800,96.2
H2PipelineAF-COG-AF-GAB,8867880000,177357600,98.3
H2PipelineAF-COG-AF-RWA,17778600000,355572000,96.7
H2PipelineAF-COG-AF-TZA,28584990000,571699800,94.7
H2PipelineAF-DJI-AF-ERI,6608070000,132161400,98.8
H2PipelineAF-DJI-AF-ETH,4840920000,96818400,99.1
H2PipelineAF-DJI-AF-SOM,11641770000,232835400,97.8
H2PipelineAF-DJI-AS-YEM,9274860000,185497200,99.1
H2PipelineAF-DZA-AF-LBY,10913490000,218269800,98
H2PipelineAF-DZA-AF-MAR,11042010000,220840200,97.9
H2PipelineAF-DZA-AF-MLI,31048290000,620965800,94.2
H2PipelineAF-DZA-AF-MRT,29859480000,597189600,94.4
H2PipelineAF-DZA-AF-NER,27706770000,554135400,94.8
H2PipelineAF-DZA-AF-TUN,6800850000,136017000,98.7
H2PipelineAF-DZA-EU-ESP,15229620000,304592400,98.6
H2PipelineAF-DZA-EU-FRA,28852740000,577054800,97.3
H2PipelineAF-DZA-EU-ITA,21227220000,424544400,98
H2PipelineAF-EGY-AF-LBY,18635400000,372708000,96.5
H2PipelineAF-EGY-AF-SDN,17275230000,345504600,96.8
H2PipelineAF-EGY-AS-ISR,4326840000,86536800,99.2
H2PipelineAF-EGY-AS-JOR,10581480000,211629600,99
H2PipelineAF-EGY-AS-SAU,35235900000,704718000,96.7
H2PipelineAF-ERI-AF-ETH,2270520000,45410400,99.6
H2PipelineAF-ERI-AF-SDN,7347060000,146941200,98.6
H2PipelineAF-ERI-AF-SOM,17510850000,350217000,96.7
H2PipelineAF-ERI-AS-SAU,28252980000,565059600,97.4
H2PipelineAF-ERI-AS-YEM,12102300000,242046000,98.9
H2PipelineAF-ETH-AF-KEN,17885700000,357714000,96.7
H2PipelineAF-ETH-AF-SDN,8375220000,167504400,98.4
H2PipelineAF-GAB-AF-GNQ,1809990000,36199800,99.7
H2PipelineAF-GHA-AF-TGO,3437910000,68758200,99.4
H2PipelineAF-GIN-AF-GNB,3577140000,71542800,99.3
H2PipelineAF-GIN-AF-LBR,5119380000,102387600,99
H2PipelineAF-GIN-AF-MLI,7604100000,152082000,98.6
H2PipelineAF-GIN-AF-SEN,7593390000,151867800,98.6
H2PipelineAF-GIN-AF-SLE,1370880000,27417600,99.7
H2PipelineAF-GMB-AF-SEN,1767150000,35343000,99.7
H2PipelineAF-GNB-AF-SEN,4026960000,80539200,99.2
H2PipelineAF-KEN-AF-SOM,10934910000,218698200,98
H2PipelineAF-KEN-AF-TZA,7186410000,143728200,98.7
H2PipelineAF-KEN-AF-UGA,5387130000,107742600,99
H2PipelineAF-LBR-AF-SLE,3855600000,77112000,99.3
H2PipelineAF-LBY-AF-NER,26014590000,520291800,95.1
H2PipelineAF-LBY-AF-SDN,29334690000,586693800,94.5
H2PipelineAF-LBY-AF-TCD,24825780000,496515600,95.4
H2PipelineAF-LBY-AF-TUN,5504940000,110098800,99
H2PipelineAF-LBY-EU-MLT,7625520000,152510400,99.3
H2PipelineAF-LSO-AF-ZAF,3791340000,75826800,99.3
H2PipelineAF-MAR-EU-PRT,12552120000,251042400,98.8
H2PipelineAF-MLI-AF-MRT,11213370000,224267400,97.9
H2PipelineAF-MLI-AF-NER,11781000000,235620000,97.8
H2PipelineAF-MLI-AF-SEN,11234790000,224695800,97.9
H2PipelineAF-MOZ-AF-MWI,14351400000,287028000,97.3
H2PipelineAF-MOZ-AF-SWZ,1306620000,26132400,99.8
H2PipelineAF-MOZ-AF-TZA,24108210000,482164200,95.5
H2PipelineAF-MOZ-AF-ZAF,4744530000,94890600,99.1
H2PipelineAF-MOZ-AF-ZMB,13398210000,267964200,97.5
H2PipelineAF-MOZ-AF-ZWE,9831780000,196635600,98.2
H2PipelineAF-MRT-AF-SEN,4358970000,87179400,99.2
H2PipelineAF-MWI-AF-TZA,10699290000,213985800,98
H2PipelineAF-MWI-AF-ZMB,6565230000,131304600,98.8
H2PipelineAF-NAM-AF-ZAF,12616380000,252327600,97.6
H2PipelineAF-NAM-AF-ZMB,15208200000,304164000,97.2
H2PipelineAF-NER-AF-NGA,8557290000,171145800,98.4
H2PipelineAF-NER-AF-TCD,15111810000,302236200,97.2
H2PipelineAF-NGA-AF-TCD,15272460000,305449200,97.1
H2PipelineAF-RWA-AF-TZA,12359340000,247186800,97.7
H2PipelineAF-RWA-AF-UGA,4037670000,80753400,99.2
H2PipelineAF-SDN-AF-TCD,20627460000,412549200,96.1
H2PipelineAF-SDN-AS-SAU,38406060000,768121200,96.4
H2PipelineAF-SOM-AS-YEM,31765860000,635317200,97
H2PipelineAF-SWZ-AF-ZAF,3609270000,72185400,99.3
H2PipelineAF-TZA-AF-UGA,11620350000,232407000,97.8
H2PipelineAF-TZA-AF-ZMB,16418430000,328368600,96.9
H2PipelineAF-ZAF-AF-ZWE,10485090000,209701800,98
H2PipelineAF-ZMB-AF-ZWE,4251870000,85037400,99.2
H2PipelineAS-AFG-AS-CHN-XI,18014220000,360284400,96.6
H2PipelineAS-AFG-AS-IRN,17821440000,356428800,96.7
H2PipelineAS-AFG-AS-PAK,14501340000,290026800,97.3
H2PipelineAS-AFG-AS-TJK,2388330000,47766600,99.6
H2PipelineAS-AFG-AS-TKM,11031300000,220626000,97.9
H2PipelineAS-AFG-AS-UZB,5429970000,108599400,99
H2PipelineAS-ARE-AS-IRN,26089560000,521791200,97.6
H2PipelineAS-ARE-AS-OMN,4080510000,81610200,99.2
H2PipelineAS-ARE-AS-SAU,9210600000,184212000,98.3
H2PipelineAS-BGD-AS-IND-EA,2709630000,54192600,99.5
H2PipelineAS-BGD-AS-IND-NE,3255840000,65116800,99.4
H2PipelineAS-BGD-AS-MMR,10410120000,208202400,98.1
H2PipelineAS-BRN-AS-MYS,15850800000,317016000,97
H2PipelineAS-BTN-AS-CHN-TI,3009510000,60190200,99.4
H2PipelineAS-BTN-AS-IND-EA,6093990000,121879800,98.9
H2PipelineAS-CHN-AN-AS-CHN-HB,7871850000,157437000,98.5
H2PipelineAS-CHN-AN-AS-CHN-HE,4990860000,99817200,99.1
H2PipelineAS-CHN-AN-AS-CHN-HU,3416490000,68329800,99.4
H2PipelineAS-CHN-AN-AS-CHN-JS,1531530000,30630600,99.7
H2PipelineAS-CHN-AN-AS-CHN-JX,4037670000,80753400,99.2
H2PipelineAS-CHN-AN-AS-CHN-SD,5879790000,117595800,98.9
H2PipelineAS-CHN-AN-AS-CHN-ZH,3512880000,70257600,99.3
H2PipelineAS-CHN-BE-AS-CHN-EM,3609270000,72185400,99.3
H2PipelineAS-CHN-BE-AS-CHN-HB,2848860000,56977200,99.5
H2PipelineAS-CHN-BE-AS-CHN-TJ,1210230000,24204600,99.8
H2PipelineAS-CHN-CH-AS-CHN-GU,3555720000,71114400,99.3
H2PipelineAS-CHN-CH-AS-CHN-HB,12755610000,255112200,97.6
H2PipelineAS-CHN-CH-AS-CHN-HN,6843690000,136873800,98.7
H2PipelineAS-CHN-CH-AS-CHN-HU,8000370000,160007400,98.5
H2PipelineAS-CHN-CH-AS-CHN-SC,2913120000,58262400,99.5
H2PipelineAS-CHN-CH-AS-CHN-SI,6072570000,121451400,98.9
H2PipelineAS-CHN-CH-AS-CHN-SX,11513250000,230265000,97.8
H2PipelineAS-CHN-EM-AS-CHN-HB,6468840000,129376800,98.8
H2PipelineAS-CHN-EM-AS-CHN-HJ,7786170000,155723400,98.5
H2PipelineAS-CHN-EM-AS-CHN-JI,5869080000,117381600,98.9
H2PipelineAS-CHN-EM-AS-CHN-LI,4016250000,80325000,99.2
H2PipelineAS-CHN-EM-AS-CHN-SD,7464870000,149297400,98.6
H2PipelineAS-CHN-EM-AS-CHN-TJ,4059090000,81181800,99.2
H2PipelineAS-CHN-EM-AS-CHN-WM,8364510000,167290200,98.4
H2PipelineAS-CHN-FU-AS-CHN-GD,5408550000,108171000,99
H2PipelineAS-CHN-FU-AS-CHN-JX,5558490000,111169800,99
H2PipelineAS-CHN-FU-AS-CHN-ZH,7250670000,145013400,98.6
H2PipelineAS-CHN-FU-AS-TWN,7668360000,153367200,99.3
H2PipelineAS-CHN-GA-AS-CHN-JS,15518790000,310375800,97.1
H2PipelineAS-CHN-GA-AS-CHN-NI,3716370000,74327400,99.3
H2PipelineAS-CHN-GA-AS-CHN-QI,2056320000,41126400,99.6
H2PipelineAS-CHN-GA-AS-CHN-SC,6415290000,128305800,98.8
H2PipelineAS-CHN-GA-AS-CHN-SI,5397840000,107956800,99
H2PipelineAS-CHN-GA-AS-CHN-WM,7850430000,157008600,98.5
H2PipelineAS-CHN-GA-AS-CHN-XI,17403750000,348075000,96.7
H2PipelineAS-CHN-GD-AS-CHN-GX,5504940000,110098800,99
H2PipelineAS-CHN-GD-AS-CHN-HA,4969440000,99388800,99.1
H2PipelineAS-CHN-GD-AS-CHN-HK,1370880000,27417600,99.7
H2PipelineAS-CHN-GD-AS-CHN-HN,6029730000,120594600,98.9
H2PipelineAS-CHN-GD-AS-CHN-JX,7132860000,142657200,98.7
H2PipelineAS-CHN-GD-AS-CHN-MA,1145970000,22919400,99.8
H2PipelineAS-CHN-GU-AS-CHN-GX,4798080000,95961600,99.1
H2PipelineAS-CHN-GU-AS-CHN-HN,6886530000,137730600,98.7
H2PipelineAS-CHN-GU-AS-CHN-JS,14105070000,282101400,97.4
H2PipelineAS-CHN-GU-AS-CHN-SC,5601330000,112026600,99
H2PipelineAS-CHN-GU-AS-CHN-YU,4690980000,93819600,99.1
H2PipelineAS-CHN-GX-AS-CHN-HN,8128890000,162577800,98.5
H2PipelineAS-CHN-GX-AS-CHN-XI,32226390000,644527800,94
H2PipelineAS-CHN-GX-AS-CHN-YU,6693750000,133875000,98.7
H2PipelineAS-CHN-GX-AS-VNM,14415660000,288313200,97.3
H2PipelineAS-CHN-HB-AS-CHN-HE,4005540000,80110800,99.3
H2PipelineAS-CHN-HB-AS-CHN-LI,9328410000,186568200,98.3
H2PipelineAS-CHN-HB-AS-CHN-SD,6029730000,120594600,98.9
H2PipelineAS-CHN-HB-AS-CHN-SX,1831410000,36628200,99.7
H2PipelineAS-CHN-HB-AS-CHN-TJ,2838150000,56763000,99.5
H2PipelineAS-CHN-HB-AS-CHN-WM,5290740000,105814800,99
H2PipelineAS-CHN-HE-AS-CHN-HU,5012280000,100245600,99.1
H2PipelineAS-CHN-HE-AS-CHN-JS,6019020000,120380400,98.9
H2PipelineAS-CHN-HE-AS-CHN-SD,6661620000,133232400,98.8
H2PipelineAS-CHN-HE-AS-CHN-SI,4712400000,94248000,99.1
H2PipelineAS-CHN-HE-AS-CHN-SX,3866310000,77326200,99.3
H2PipelineAS-CHN-HE-AS-CHN-XI,26207370000,524147400,95.1
H2PipelineAS-CHN-HJ-AS-CHN-JI,2506140000,50122800,99.5
H2PipelineAS-CHN-HJ-AS-RUS-FE,5451390000,109027800,99
H2PipelineAS-CHN-HJ-AS-RUS-SI,34314840000,686296800,93.6
H2PipelineAS-CHN-HN-AS-CHN-HU,3138030000,62760600,99.4
H2PipelineAS-CHN-HN-AS-CHN-JX,3095190000,61903800,99.4
H2PipelineAS-CHN-HN-AS-CHN-SC,9681840000,193636800,98.2
H2PipelineAS-CHN-HN-AS-CHN-SX,11534670000,230693400,97.8
H2PipelineAS-CHN-HU-AS-CHN-JX,2806020000,56120400,99.5
H2PipelineAS-CHN-HU-AS-CHN-SI,6961500000,139230000,98.7
H2PipelineAS-CHN-JI-AS-CHN-LI,2955960000,59119200,99.4
H2PipelineAS-CHN-JI-AS-PRK,5783400000,115668000,98.9
H2PipelineAS-CHN-JS-AS-CHN-SD,5044410000,100888200,99.1
H2PipelineAS-CHN-JS-AS-CHN-SH,2870280000,57405600,99.5
H2PipelineAS-CHN-JS-AS-CHN-SI,10195920000,203918400,98.1
H2PipelineAS-CHN-JS-AS-CHN-SX,9221310000,184426200,98.3
H2PipelineAS-CHN-JS-AS-CHN-ZH,2570400000,51408000,99.5
H2PipelineAS-CHN-JX-AS-CHN-WM,15433110000,308662200,97.1
H2PipelineAS-CHN-JX-AS-CHN-ZH,4819500000,96390000,99.1
H2PipelineAS-CHN-LI-AS-PRK,3919860000,78397200,99.3
H2PipelineAS-CHN-NI-AS-CHN-SD,13601700000,272034000,97.5
H2PipelineAS-CHN-NI-AS-CHN-SI,5590620000,111812400,99
H2PipelineAS-CHN-NI-AS-CHN-WM,4166190000,83323800,99.2
H2PipelineAS-CHN-NI-AS-CHN-ZH,16771860000,335437200,96.9
H2PipelineAS-CHN-QI-AS-CHN-SC,7443450000,148869000,98.6
H2PipelineAS-CHN-QI-AS-CHN-TI,13483890000,269677800,97.5
H2PipelineAS-CHN-QI-AS-CHN-XI,15454530000,309090600,97.1
H2PipelineAS-CHN-SC-AS-CHN-SI,6468840000,129376800,98.8
H2PipelineAS-CHN-SC-AS-CHN-TI,13398210000,267964200,97.5
H2PipelineAS-CHN-SC-AS-CHN-YU,6822270000,136445400,98.7
H2PipelineAS-CHN-SD-AS-CHN-SX,7700490000,154009800,98.6
H2PipelineAS-CHN-SD-AS-CHN-TJ,4669560000,93391200,99.1
H2PipelineAS-CHN-SD-AS-KOR,13194720000,263894400,98.8
H2PipelineAS-CHN-SD-AS-PRK,12380760000,247615200,98.8
H2PipelineAS-CHN-SH-AS-CHN-ZH,1735020000,34700400,99.7
H2PipelineAS-CHN-SI-AS-CHN-SX,5537070000,110741400,99
H2PipelineAS-CHN-SI-AS-CHN-WM,7646940000,152938800,98.6
H2PipelineAS-CHN-SX-AS-CHN-WM,4155480000,83109600,99.2
H2PipelineAS-CHN-TI-AS-CHN-XI,17189550000,343791000,96.8
H2PipelineAS-CHN-TI-AS-CHN-YU,13398210000,267964200,97.5
H2PipelineAS-CHN-TI-AS-IND-NE,4209030000,84180600,99.2
H2PipelineAS-CHN-TI-AS-IND-NO,14458500000,289170000,97.3
H2PipelineAS-CHN-TI-AS-MMR,16193520000,323870400,97
H2PipelineAS-CHN-TI-AS-NPL,6458130000,129162600,98.8
H2PipelineAS-CHN-TI-AS-PAK,26100270000,522005400,95.1
H2PipelineAS-CHN-WM-AS-MNG,8996400000,179928000,98.3
H2PipelineAS-CHN-WM-AS-RUS-SI,27171270000,543425400,94.9
H2PipelineAS-CHN-XI-AS-IND-NO,20541780000,410835600,96.2
H2PipelineAS-CHN-XI-AS-KAZ,9210600000,184212000,98.3
H2PipelineAS-CHN-XI-AS-KGZ,11299050000,225981000,97.9
H2PipelineAS-CHN-XI-AS-MNG,16718310000,334366200,96.9
H2PipelineAS-CHN-XI-AS-PAK,30127230000,602544600,94.4
H2PipelineAS-CHN-XI-AS-RUS-SI,13826610000,276532200,97.4
H2PipelineAS-CHN-XI-AS-TJK,17917830000,358356600,96.7
H2PipelineAS-CHN-YU-AS-CHN-ZH,19427940000,388558800,96.4
H2PipelineAS-CHN-YU-AS-LAO,8460900000,169218000,98.4
H2PipelineAS-CHN-YU-AS-MMR,12134430000,242688600,97.7
H2PipelineAS-CHN-YU-AS-VNM,17575110000,351502200,96.7
H2PipelineAS-IDN-AS-MYS,12691350000,253827000,97.6
H2PipelineAS-IDN-AS-PHL,59718960000,1194379200,94.4
H2PipelineAS-IDN-AS-SGP,19149480000,382989600,98.2
H2PipelineAS-IDN-AS-TLS,22319640000,446392800,95.8
H2PipelineAS-IDN-OC-PNG,47755890000,955117800,91.1
H2PipelineAS-IND-EA-AS-IND-NE,5751270000,115025400,98.9
H2PipelineAS-IND-EA-AS-IND-NO,13987260000,279745200,97.4
H2PipelineAS-IND-EA-AS-IND-SO,16632630000,332652600,96.9
H2PipelineAS-IND-EA-AS-IND-WE,17703630000,354072600,96.7
H2PipelineAS-IND-EA-AS-NPL,7015050000,140301000,98.7
H2PipelineAS-IND-NE-AS-MMR,12102300000,242046000,97.7
H2PipelineAS-IND-NO-AS-IND-WE,12445020000,248900400,97.7
H2PipelineAS-IND-NO-AS-NPL,8557290000,171145800,98.4
H2PipelineAS-IND-NO-AS-PAK,11781000000,235620000,97.8
H2PipelineAS-IND-SO-AS-IND-WE,8996400000,179928000,98.3
H2PipelineAS-IND-SO-AS-LKA,15336720000,306734400,98.6
H2PipelineAS-IND-WE-AS-PAK,9510480000,190209600,98.2
H2PipelineAS-IRN-AS-IRQ,7432740000,148654800,98.6
H2PipelineAS-IRN-AS-PAK,20488230000,409764600,96.2
H2PipelineAS-IRN-AS-TKM,7164990000,143299800,98.7
H2PipelineAS-IRN-AS-TUR,21826980000,436539600,95.9
H2PipelineAS-IRQ-AS-JOR,8642970000,172859400,98.4
H2PipelineAS-IRQ-AS-KWT,5965470000,119309400,98.9
H2PipelineAS-IRQ-AS-SAU,10645740000,212914800,98
H2PipelineAS-IRQ-AS-SYR,8043210000,160864200,98.5
H2PipelineAS-IRQ-AS-TUR,17232390000,344647800,96.8
H2PipelineAS-ISR-AS-JOR,1188810000,23776200,99.8
H2PipelineAS-ISR-AS-LBN,2259810000,45196200,99.6
H2PipelineAS-ISR-AS-SYR,2281230000,45624600,99.6
H2PipelineAS-JOR-AS-SAU,14297850000,285957000,97.3
H2PipelineAS-JOR-AS-SYR,1884960000,37699200,99.6
H2PipelineAS-JPN-CE-AS-JPN-KY,5162220000,103244400,99
H2PipelineAS-JPN-CE-AS-JPN-SH,2859570000,57191400,99.5
H2PipelineAS-JPN-CE-AS-JPN-TO,4316130000,86322600,99.2
H2PipelineAS-JPN-CE-AS-KOR,17585820000,351716400,98.4
H2PipelineAS-JPN-HO-AS-JPN-TO,8921430000,178428600,98.3
H2PipelineAS-JPN-HO-AS-RUS-FE,16386300000,327726000,98.5
H2PipelineAS-JPN-KY-AS-KOR,11545380000,230907600,98.9
H2PipelineAS-KAZ-AS-KGZ,2099160000,41983200,99.6
H2PipelineAS-KAZ-AS-RUS-CE,33190290000,663805800,93.8
H2PipelineAS-KAZ-AS-RUS-MV,25800390000,516007800,95.2
H2PipelineAS-KAZ-AS-RUS-SI,14694120000,293882400,97.3
H2PipelineAS-KAZ-AS-RUS-UR,20263320000,405266400,96.2
H2PipelineAS-KAZ-AS-TKM,17885700000,357714000,96.7
H2PipelineAS-KAZ-AS-UZB,7122150000,142443000,98.7
H2PipelineAS-KGZ-AS-TJK,7336350000,146727000,98.6
H2PipelineAS-KGZ-AS-UZB,5033700000,100674000,99.1
H2PipelineAS-KHM-AS-LAO,8096760000,161935200,98.5
H2PipelineAS-KHM-AS-THA,5740560000,114811200,98.9
H2PipelineAS-KHM-AS-VNM,2270520000,45410400,99.6
H2PipelineAS-KOR-AS-PRK,2088450000,41769000,99.6
H2PipelineAS-KWT-AS-SAU,5772690000,115453800,98.9
H2PipelineAS-LAO-AS-MMR,7389900000,147798000,98.6
H2PipelineAS-LAO-AS-THA,5558490000,111169800,99
H2PipelineAS-LAO-AS-VNM,9746100000,194922000,98.2
H2PipelineAS-LBN-AS-SYR,899640000,17992800,99.8
H2PipelineAS-MMR-AS-THA,6201090000,124021800,98.8
H2PipelineAS-MNG-AS-RUS-SI,19556460000,391129200,96.3
H2PipelineAS-MYS-AS-PHL,52843140000,1056862800,95.1
H2PipelineAS-MYS-AS-THA,12680640000,253612800,97.6
H2PipelineAS-OMN-AS-IND-WE,33458040000,669160800,96.9
H2PipelineAS-OMN-AS-IRN,32301360000,646027200,97
H2PipelineAS-OMN-AS-PAK,18485460000,369709200,98.3
H2PipelineAS-OMN-AS-SAU,12905550000,258111000,97.6
H2PipelineAS-OMN-AS-YEM,18892440000,377848800,96.5
H2PipelineAS-PRK-AS-RUS-FE,7379190000,147583800,98.6
H2PipelineAS-QAT-AS-SAU,5076540000,101530800,99.1
H2PipelineAS-RUS-CE-AS-RUS-MV,7711200000,154224000,98.6
H2PipelineAS-RUS-CE-AS-RUS-NW,6790140000,135802800,98.7
H2PipelineAS-RUS-CE-AS-RUS-SO,10260180000,205203600,98.1
H2PipelineAS-RUS-CE-EU-UKR,8107470000,162149400,98.5
H2PipelineAS-RUS-FE-AS-RUS-SI,39766230000,795324600,92.6
H2PipelineAS-RUS-MV-AS-RUS-UR,7679070000,153581400,98.6
H2PipelineAS-RUS-NW-AS-RUS-UR,19074510000,381490200,96.4
H2PipelineAS-RUS-SI-AS-RUS-UR,15004710000,300094200,97.2
H2PipelineAS-RUS-SO-EU-UKR,8139600000,162792000,98.5
H2PipelineAS-SAU-AS-YEM,11427570000,228551400,97.9
H2PipelineAS-SYR-AS-TUR,11384730000,227694600,97.9
H2PipelineAS-TJK-AS-UZB,3309390000,66187800,99.4
H2PipelineAS-TKM-AS-UZB,10774260000,215485200,98
H2PipelineEU-ALB-EU-GRC,5355000000,107100000,99
H2PipelineEU-ALB-EU-MKD,1649340000,32986800,99.7
H2PipelineEU-ALB-EU-MNE,1413720000,28274400,99.7
H2PipelineEU-ARM-AS-IRN,8418060000,168361200,98.4
H2PipelineEU-ARM-AS-TUR,14030100000,280602000,97.4
H2PipelineEU-ARM-EU-AZE,4862340000,97246800,99.1
H2PipelineEU-ARM-EU-GEO,1852830000,37056600,99.7
H2PipelineEU-AUT-EU-CHE,6329610000,126592200,98.8
H2PipelineEU-AUT-EU-CZE,2688210000,53764200,99.5
H2PipelineEU-AUT-EU-DEU,5612040000,112240800,99
H2PipelineEU-AUT-EU-HUN,2324070000,46481400,99.6
H2PipelineEU-AUT-EU-ITA,8182440000,163648800,98.5
H2PipelineEU-AUT-EU-SVK,599760000,11995200,99.9
H2PipelineEU-AUT-EU-SVN,2966670000,59333400,99.4
H2PipelineEU-AZE-AS-IRN,5815530000,116310600,98.9
H2PipelineEU-AZE-AS-RUS-SO,11920230000,238404600,97.8
H2PipelineEU-AZE-AS-TUR,18785340000,375706800,96.5
H2PipelineEU-AZE-EU-GEO,4819500000,96390000,99.1
H2PipelineEU-BEL-EU-DEU,6982920000,139658400,98.7
H2PipelineEU-BEL-EU-FRA,2795310000,55906200,99.5
H2PipelineEU-BEL-EU-GBR,6832980000,136659600,99.4
H2PipelineEU-BEL-EU-LUX,2002770000,40055400,99.6
H2PipelineEU-BEL-EU-NLD,1852830000,37056600,99.7
H2PipelineEU-BGR-AS-TUR,5387130000,107742600,99
H2PipelineEU-BGR-EU-GRC,5612040000,112240800,99
H2PipelineEU-BGR-EU-MKD,1842120000,36842400,99.7
H2PipelineEU-BGR-EU-ROU,3180870000,63617400,99.4
H2PipelineEU-BGR-EU-SRB,3534300000,70686000,99.3
H2PipelineEU-BIH-EU-HRV,3073770000,61475400,99.4
H2PipelineEU-BIH-EU-MNE,1842120000,36842400,99.7
H2PipelineEU-BIH-EU-SRB,2120580000,42411600,99.6
H2PipelineEU-BLR-AS-RUS-CE,7229250000,144585000,98.6
H2PipelineEU-BLR-AS-RUS-NW,7411320000,148226400,98.6
H2PipelineEU-BLR-EU-LTU,1820700000,36414000,99.7
H2PipelineEU-BLR-EU-LVA,4316130000,86322600,99.2
H2PipelineEU-BLR-EU-POL,5087250000,101745000,99
H2PipelineEU-BLR-EU-UKR,4658850000,93177000,99.1
H2PipelineEU-CHE-EU-DEU,7164990000,143299800,98.7
H2PipelineEU-CHE-EU-FRA,5247900000,104958000,99
H2PipelineEU-CHE-EU-ITA,7325640000,146512800,98.6
H2PipelineEU-CYP-AF-EGY,12894840000,257896800,98.8
H2PipelineEU-CYP-AS-ISR,7861140000,157222800,99.3
H2PipelineEU-CYP-AS-LBN,5205060000,104101200,99.5
H2PipelineEU-CYP-AS-SYR,7004340000,140086800,99.3
H2PipelineEU-CYP-AS-TUR,16322040000,326440800,98.5
H2PipelineEU-CYP-EU-GRC,19599300000,391986000,98.2
H2PipelineEU-CZE-EU-DEU,3009510000,60190200,99.4
H2PipelineEU-CZE-EU-POL,5515650000,110313000,99
H2PipelineEU-CZE-EU-SVK,3095190000,61903800,99.4
H2PipelineEU-DEU-EU-DNK,3802050000,76041000,99.3
H2PipelineEU-DEU-EU-FRA,9403380000,188067600,98.2
H2PipelineEU-DEU-EU-LUX,6447420000,128948400,98.8
H2PipelineEU-DEU-EU-NLD,6158250000,123165000,98.8
H2PipelineEU-DEU-EU-NOR,17949960000,358999200,98.3
H2PipelineEU-DEU-EU-POL,5526360000,110527200,99
H2PipelineEU-DEU-EU-SWE,17414460000,348289200,98.4
H2PipelineEU-DNK-EU-GBR,20456100000,409122000,98.1
H2PipelineEU-DNK-EU-NLD,13301820000,266036400,98.8
H2PipelineEU-DNK-EU-NOR,10345860000,206917200,99
H2PipelineEU-DNK-EU-SWE,11245500000,224910000,98.9
H2PipelineEU-ESP-AF-MAR,17842860000,356857200,98.3
H2PipelineEU-ESP-EU-FRA,11288340000,225766800,97.9
H2PipelineEU-ESP-EU-PRT,5397840000,107956800,99
H2PipelineEU-EST-AS-RUS-NW,3395070000,67901400,99.4
H2PipelineEU-EST-EU-FIN,1777860000,35557200,99.8
H2PipelineEU-EST-EU-LVA,2988090000,59761800,99.4
H2PipelineEU-FIN-AS-RUS-NW,3213000000,64260000,99.4
H2PipelineEU-FIN-EU-NOR,8428770000,168575400,98.4
H2PipelineEU-FIN-EU-SWE,4209030000,84180600,99.2
H2PipelineEU-FRA-EU-GBR,7304220000,146084400,99.3
H2PipelineEU-FRA-EU-IRL,16643340000,332866800,98.4
H2PipelineEU-FRA-EU-ITA,11855970000,237119400,97.8
H2PipelineEU-FRA-EU-LUX,3084480000,61689600,99.4
H2PipelineEU-GBR-EU-FRA,7304220000,146084400,99.3
H2PipelineEU-GBR-EU-IRL,4958730000,99174600,99.1
H2PipelineEU-GBR-EU-ISL,40505220000,810104400,96.2
H2PipelineEU-GBR-EU-NLD,7668360000,153367200,99.3
H2PipelineEU-GBR-EU-NOR,24718680000,494373600,97.7
H2PipelineEU-GEO-AS-RUS-SO,7850430000,157008600,98.5
H2PipelineEU-GEO-AS-TUR,14094360000,281887200,97.4
H2PipelineEU-GRC-AF-LBY,23776200000,475524000,97.8
H2PipelineEU-GRC-AS-TUR,6104700000,122094000,98.9
H2PipelineEU-GRC-EU-ITA,22533840000,450676800,97.9
H2PipelineEU-GRC-EU-MKD,5226480000,104529600,99
H2PipelineEU-HRV-EU-HUN,3234420000,64688400,99.4
H2PipelineEU-HRV-EU-MNE,4873050000,97461000,99.1
H2PipelineEU-HRV-EU-SRB,3919860000,78397200,99.3
H2PipelineEU-HRV-EU-SVN,1263780000,25275600,99.8
H2PipelineEU-HUN-EU-ROU,6854400000,137088000,98.7
H2PipelineEU-HUN-EU-SRB,3395070000,67901400,99.4
H2PipelineEU-HUN-EU-SVK,1756440000,35128800,99.7
H2PipelineEU-HUN-EU-SVN,4101930000,82038600,99.2
H2PipelineEU-HUN-EU-UKR,9596160000,191923200,98.2
H2PipelineEU-ITA-AF-TUN,12852000000,257040000,98.8
H2PipelineEU-ITA-EU-MLT,7379190000,147583800,98.6
H2PipelineEU-ITA-EU-SVN,5247900000,104958000,99
H2PipelineEU-LTU-AS-RUS-NW,7036470000,140729400,98.7
H2PipelineEU-LTU-EU-LVA,2816730000,56334600,99.5
H2PipelineEU-LTU-EU-POL,4209030000,84180600,99.2
H2PipelineEU-LTU-EU-SWE,14522760000,290455200,98.6
H2PipelineEU-LVA-AS-RUS-NW,5258610000,105172200,99
H2PipelineEU-MDA-EU-ROU,3823470000,76469400,99.3
H2PipelineEU-MDA-EU-UKR,4284000000,85680000,99.2
H2PipelineEU-MKD-EU-SRB,3459330000,69186600,99.4
H2PipelineEU-MLT-AF-TUN,8589420000,171788400,99.2
H2PipelineEU-MNE-EU-SRB,3009510000,60190200,99.4
H2PipelineEU-NLD-EU-NOR,19599300000,391986000,98.2
H2PipelineEU-NOR-AS-RUS-NW,11631060000,232621200,97.8
H2PipelineEU-NOR-EU-SWE,4476780000,89535600,99.2
H2PipelineEU-POL-EU-SVK,5708430000,114168600,98.9
H2PipelineEU-POL-EU-SWE,17350200000,347004000,98.4
H2PipelineEU-POL-EU-UKR,7400610000,148012200,98.6
H2PipelineEU-ROU-EU-SRB,4798080000,95961600,99.1
H2PipelineEU-ROU-EU-UKR,7978950000,159579000,98.5
H2PipelineEU-SVK-EU-UKR,10710000000,214200000,98
H2PipelineNA-BLZ-NA-GTM,4348260000,86965200,99.2
H2PipelineNA-BLZ-NA-MEX,12573540000,251470800,97.7
H2PipelineNA-CAN-AB-NA-CAN-BC,7218540000,144370800,98.7
H2PipelineNA-CAN-AB-NA-CAN-NO,13526730000,270534600,97.5
H2PipelineNA-CAN-AB-NA-CAN-SK,5622750000,112455000,98.9
H2PipelineNA-CAN-AB-NA-USA-NW,7604100000,152082000,98.6
H2PipelineNA-CAN-AR-NA-CAN-QC,8450190000,169003800,98.4
H2PipelineNA-CAN-AR-NA-USA-NE,7036470000,140729400,98.7
H2PipelineNA-CAN-BC-NA-CAN-NO,16696890000,333937800,96.9
H2PipelineNA-CAN-BC-NA-USA-AK,22362480000,447249600,95.8
H2PipelineNA-CAN-BC-NA-USA-NW,2067030000,41340600,99.6
H2PipelineNA-CAN-MB-NA-CAN-NO,18699660000,373993200,96.5
H2PipelineNA-CAN-MB-NA-CAN-ON,16182810000,323656200,97
H2PipelineNA-CAN-MB-NA-CAN-SK,7614810000,152296200,98.6
H2PipelineNA-CAN-MB-NA-USA-MW,6640200000,132804000,98.8
H2PipelineNA-CAN-NL-NA-CAN-QC,17221680000,344433600,96.8
H2PipelineNA-CAN-NO-NA-CAN-SK,13184010000,263680200,97.5
H2PipelineNA-CAN-NO-NA-USA-AK,19363680000,387273600,96.4
H2PipelineNA-CAN-ON-NA-CAN-QC,5387130000,107742600,99
H2PipelineNA-CAN-ON-NA-USA-MW,11877390000,237547800,97.8
H2PipelineNA-CAN-ON-NA-USA-NY,6019020000,120380400,98.9
H2PipelineNA-CAN-ON-NA-USA-RM,3566430000,71328600,99.3
H2PipelineNA-CAN-QC-NA-USA-NE,4348260000,86965200,99.2
H2PipelineNA-CAN-QC-NA-USA-NY,5729850000,114597000,98.9
H2PipelineNA-CAN-SK-NA-USA-MW,13569570000,271391400,97.5
H2PipelineNA-CAN-SK-NA-USA-NW,13141170000,262823400,97.5
H2PipelineNA-CRI-NA-NIC,3673530000,73470600,99.3
H2PipelineNA-CRI-NA-PAN,5472810000,109456200,99
H2PipelineNA-DOM-NA-HTI,2752470000,55049400,99.5
H2PipelineNA-GTM-NA-HND,3866310000,77326200,99.3
H2PipelineNA-GTM-NA-MEX,11352600000,227052000,97.9
H2PipelineNA-GTM-NA-SLV,1874250000,37485000,99.6
H2PipelineNA-HND-NA-NIC,2570400000,51408000,99.5
H2PipelineNA-HND-NA-SLV,2345490000,46909800,99.6
H2PipelineNA-MEX-NA-USA-AZ,21730590000,434611800,95.9
H2PipelineNA-MEX-NA-USA-CA,26839260000,536785200,95
H2PipelineNA-MEX-NA-USA-ER,12969810000,259396200,97.6
H2PipelineNA-USA-AZ-NA-USA-CA,6276060000,125521200,98.8
H2PipelineNA-USA-AZ-NA-USA-ER,17489430000,349788600,96.7
H2PipelineNA-USA-AZ-NA-USA-NW,19085220000,381704400,96.4
H2PipelineNA-USA-AZ-NA-USA-RA,10078110000,201562200,98.1
H2PipelineNA-USA-AZ-NA-USA-SS,14469210000,289384200,97.3
H2PipelineNA-USA-CA-NA-USA-NW,16461270000,329225400,96.9
H2PipelineNA-USA-ER-NA-USA-SA,5644170000,112883400,98.9
H2PipelineNA-USA-ER-NA-USA-SS,7090020000,141800400,98.7
H2PipelineNA-USA-FR-NA-USA-SE,4937310000,98746200,99.1
H2PipelineNA-USA-ME-NA-USA-MW,5065830000,101316600,99.1
H2PipelineNA-USA-ME-NA-USA-RW,5761980000,115239600,98.9
H2PipelineNA-USA-MW-NA-USA-NW,23979690000,479593800,95.5
H2PipelineNA-USA-MW-NA-USA-RA,11930940000,238618800,97.8
H2PipelineNA-USA-MW-NA-USA-RW,10795680000,215913600,98
H2PipelineNA-USA-MW-NA-USA-SN,7047180000,140943600,98.7
H2PipelineNA-USA-MW-NA-USA-SW,8000370000,160007400,98.5
H2PipelineNA-USA-NE-NA-USA-NY,3191580000,63831600,99.4
H2PipelineNA-USA-NW-NA-USA-RA,17639370000,352787400,96.7
H2PipelineNA-USA-NY-NA-USA-RE,1370880000,27417600,99.7
H2PipelineNA-USA-RA-NA-USA-SN,9521190000,190423800,98.2
H2PipelineNA-USA-RA-NA-USA-SS,8621550000,172431000,98.4
H2PipelineNA-USA-RE-NA-USA-RW,7164990000,143299800,98.7
H2PipelineNA-USA-RE-NA-USA-SV,7839720000,156794400,98.5
H2PipelineNA-USA-RM-NA-USA-RW,2859570000,57191400,99.5
H2PipelineNA-USA-RW-NA-USA-SC,5772690000,115453800,98.9
H2PipelineNA-USA-RW-NA-USA-SV,6040440000,120808800,98.9
H2PipelineNA-USA-RW-NA-USA-SW,6875820000,137516400,98.7
H2PipelineNA-USA-SA-NA-USA-SC,7914690000,158293800,98.5
H2PipelineNA-USA-SA-NA-USA-SE,7090020000,141800400,98.7
H2PipelineNA-USA-SA-NA-USA-SN,11695320000,233906400,97.8
H2PipelineNA-USA-SA-NA-USA-SS,9949590000,198991800,98.1
H2PipelineNA-USA-SA-NA-USA-SW,10206630000,204132600,98.1
H2PipelineNA-USA-SC-NA-USA-SE,3684240000,73684800,99.3
H2PipelineNA-USA-SC-NA-USA-SV,5869080000,117381600,98.9
H2PipelineNA-USA-SC-NA-USA-SW,4391100000,87822000,99.2
H2PipelineNA-USA-SE-NA-USA-SV,3919860000,78397200,99.3
H2PipelineNA-USA-SN-NA-USA-SS,5172930000,103458600,99
H2PipelineNA-USA-SN-NA-USA-SW,4037670000,80753400,99.2
H2PipelineSA-ARG-SA-BOL,20713140000,414262800,96.1
H2PipelineSA-ARG-SA-BRA-SO,14383530000,287670600,97.3
H2PipelineSA-ARG-SA-CHL,12177270000,243545400,97.7
H2PipelineSA-ARG-SA-PRY,11106270000,222125400,97.9
H2PipelineSA-ARG-SA-URY,2195550000,43911000,99.6
H2PipelineSA-BOL-SA-BRA-CW,17607240000,352144800,96.7
H2PipelineSA-BOL-SA-BRA-WE,10752840000,215056800,98
H2PipelineSA-BOL-SA-CHL,20316870000,406337400,96.2
H2PipelineSA-BOL-SA-PER,17285940000,345718800,96.8
H2PipelineSA-BOL-SA-PRY,10902780000,218055600,98
H2PipelineSA-BRA-CN-SA-BRA-CW,17082450000,341649000,96.8
H2PipelineSA-BRA-CN-SA-BRA-NE,18089190000,361783800,96.6
H2PipelineSA-BRA-CN-SA-BRA-NW,13848030000,276960600,97.4
H2PipelineSA-BRA-CN-SA-GUY,15133230000,302664600,97.2
H2PipelineSA-BRA-CN-SA-SUR,11770290000,235405800,97.8
H2PipelineSA-BRA-CW-SA-BRA-NE,11384730000,227694600,97.9
H2PipelineSA-BRA-CW-SA-BRA-NW,20702430000,414048600,96.1
H2PipelineSA-BRA-CW-SA-BRA-SE,9339120000,186782400,98.3
H2PipelineSA-BRA-CW-SA-BRA-SO,11577510000,231550200,97.8
H2PipelineSA-BRA-CW-SA-BRA-WE,20381130000,407622600,96.2
H2PipelineSA-BRA-CW-SA-PRY,15668730000,313374600,97.1
H2PipelineSA-BRA-NE-SA-BRA-SE,15583050000,311661000,97.1
H2PipelineSA-BRA-NW-SA-BRA-WE,8161020000,163220400,98.5
H2PipelineSA-BRA-NW-SA-COL,19095930000,381918600,96.4
H2PipelineSA-BRA-NW-SA-GUY,11995200000,239904000,97.8
H2PipelineSA-BRA-NW-SA-PER,22758750000,455175000,95.7
H2PipelineSA-BRA-NW-SA-SUR,12091590000,241831800,97.7
H2PipelineSA-BRA-NW-SA-VEN,18153450000,363069000,96.6
H2PipelineSA-BRA-SE-SA-BRA-SO,3684240000,73684800,99.3
H2PipelineSA-BRA-SO-SA-PRY,8953560000,179071200,98.3
H2PipelineSA-BRA-SO-SA-URY,13258980000,265179600,97.5
H2PipelineSA-BRA-WE-SA-PER,15893640000,317872800,97
H2PipelineSA-CHL-SA-PER,26421570000,528431400,95.1
H2PipelineSA-COL-NA-PAN,8278830000,165576600,98.5
H2PipelineSA-COL-SA-ECU,10688580000,213771600,98
H2PipelineSA-COL-SA-PER,20134800000,402696000,96.2
H2PipelineSA-COL-SA-VEN,10999170000,219983400,97.9
H2PipelineSA-ECU-SA-PER,12187980000,243759600,97.7
H2PipelineSA-GUY-SA-SUR,3737790000,74755800,99.3
H2PipelineSA-GUY-SA-VEN,11202660000,224053200,97.9
H2PipelineOC-AUS-NT-OC-AUS-QL,30512790000,610255800,94.3
H2PipelineOC-AUS-NT-OC-AUS-SA,28081620000,561632400,94.8
H2PipelineOC-AUS-NT-OC-AUS-WA,28467180000,569343600,94.7
H2PipelineOC-AUS-QL-OC-AUS-SA,17168130000,343362600,96.8
H2PipelineOC-AUS-QL-OC-AUS-SW,7925400000,158508000,98.5
H2PipelineOC-AUS-QL-OC-PNG,44810640000,896212800,95.8
H2PipelineOC-AUS-SA-OC-AUS-SW,12412890000,248257800,97.7
H2PipelineOC-AUS-SA-OC-AUS-VI,7004340000,140086800,98.7
H2PipelineOC-AUS-SA-OC-AUS-WA,22844430000,456888600,95.7
H2PipelineOC-AUS-SW-OC-AUS-VI,7582680000,151653600,98.6
H2PipelineOC-AUS-TA-OC-AUS-VI,12702060000,254041200,98.8
H2PipelineOC-AUS-WA-AS-IDN,64602720000,1292054400,94
H2PipelineOC-AUS-WA-AS-TLS,59740380000,1194807600,94.4
